typeNo,typeId,typeName,englishName,baseCode,mainRouteId,mainRoute,subRouteId,subRoute,evidenceQuestionIds,topAbility1,topAbility2,relativeLagAbility,topAxis1,topAxis2,centralAxis,logic,execution,sales,creativity,management,thinking,action,offensive,stable,individual,group,divergent,convergent,bestPartner,evidenceCount,evidenceWeightFormula,scoreRatio,lockStatus
1,vision-architect,事業構想家,Vision Architect,TOIE,vision-architect.m01,顧客価値再定義,vision-architect.m01.s01,潜在課題発見,"q01,q04,q08,q12,q16,q17,q19,q20,q28,q40",論理力,創造力,実行力,思考,発散,個人突破,92,65,78,91,70,82,18,74,26,68,32,80,20,営業モンスター,10,1 + 0.5 × (1 - typeQuestionFrequency / typeMaxQuestionFrequency),evidence:0.55 / ability:0.30 / axis:0.15,locked-not-implemented
1,vision-architect,事業構想家,Vision Architect,TOIE,vision-architect.m01,顧客価値再定義,vision-architect.m01.s02,体験再設計,"q04,q11,q12,q15,q18,q20,q24,q35,q36,q40",創造力,営業力,実行力,発散,思考,個人突破,84,68,88,93,72,76,24,72,28,61,39,86,14,構造ハッカー,10,1 + 0.5 × (1 - typeQuestionFrequency / typeMaxQuestionFrequency),evidence:0.55 / ability:0.30 / axis:0.15,locked-not-implemented
1,vision-architect,事業構想家,Vision Architect,TOIE,vision-architect.m01,顧客価値再定義,vision-architect.m01.s03,価値提案転換,"q02,q10,q11,q14,q18,q26,q34,q35,q38",営業力,論理力,実行力,攻め,思考,個人突破,88,66,91,86,69,79,21,85,15,72,28,76,24,完遂クローザー,9,1 + 0.5 × (1 - typeQuestionFrequency / typeMaxQuestionFrequency),evidence:0.55 / ability:0.30 / axis:0.15,locked-not-implemented
1,vision-architect,事業構想家,Vision Architect,TOIE,vision-architect.m02,事業構造再編,vision-architect.m02.s01,収益構造再設計,"q01,q02,q06,q11,q12,q16,q19,q26,q30,q33,q34",論理力,創造力,実行力,思考,攻め,発散,96,61,79,84,78,91,9,81,19,79,21,69,31,勝ち筋ハンター,11,1 + 0.5 × (1 - typeQuestionFrequency / typeMaxQuestionFrequency),evidence:0.55 / ability:0.30 / axis:0.15,locked-not-implemented
1,vision-architect,事業構想家,Vision Architect,TOIE,vision-architect.m02,事業構造再編,vision-architect.m02.s02,資源再配置,"q02,q04,q06,q12,q14,q20,q24,q28,q30,q36,q40",創造力,論理力,実行力,攻め,思考,個人突破,90,72,76,92,81,84,16,88,12,75,25,82,18,前線指揮官,11,1 + 0.5 × (1 - typeQuestionFrequency / typeMaxQuestionFrequency),evidence:0.55 / ability:0.30 / axis:0.15,locked-not-implemented
1,vision-architect,事業構想家,Vision Architect,TOIE,vision-architect.m02,事業構造再編,vision-architect.m02.s03,価値連鎖再編,"q03,q11,q15,q18,q19,q22,q23,q27,q31,q39",論理力,管理力,実行力,思考,攻め,個人突破,93,67,82,80,91,86,14,77,23,63,37,74,26,城塞の守護者,10,1 + 0.5 × (1 - typeQuestionFrequency / typeMaxQuestionFrequency),evidence:0.55 / ability:0.30 / axis:0.15,locked-not-implemented
1,vision-architect,事業構想家,Vision Architect,TOIE,vision-architect.m03,市場機会形成,vision-architect.m03.s01,空白市場探索,"q02,q04,q10,q12,q14,q20,q24,q28,q34,q38,q40",創造力,営業力,管理力,攻め,発散,思考,86,70,88,97,62,78,22,92,8,81,19,90,10,営業モンスター,11,1 + 0.5 × (1 - typeQuestionFrequency / typeMaxQuestionFrequency),evidence:0.55 / ability:0.30 / axis:0.15,locked-not-implemented
1,vision-architect,事業構想家,Vision Architect,TOIE,vision-architect.m03,市場機会形成,vision-architect.m03.s02,変化先回り,"q01,q02,q04,q08,q10,q12,q16,q17,q28,q33,q34,q40",論理力,創造力,実行力,思考,攻め,個人突破,95,60,72,94,68,94,6,89,11,76,24,87,13,精密スナイパー,12,1 + 0.5 × (1 - typeQuestionFrequency / typeMaxQuestionFrequency),evidence:0.55 / ability:0.30 / axis:0.15,locked-not-implemented
1,vision-architect,事業構想家,Vision Architect,TOIE,vision-architect.m04,成長基盤拡張,vision-architect.m04.s01,横展開設計,"q04,q06,q12,q14,q20,q22,q24,q28,q30,q36,q40",創造力,論理力,管理力,発散,攻め,個人突破,87,74,84,96,71,81,19,83,17,66,34,93,7,巻き込みプロデューサー,11,1 + 0.5 × (1 - typeQuestionFrequency / typeMaxQuestionFrequency),evidence:0.55 / ability:0.30 / axis:0.15,locked-not-implemented
1,vision-architect,事業構想家,Vision Architect,TOIE,vision-architect.m04,成長基盤拡張,vision-architect.m04.s02,基盤事業化,"q01,q03,q04,q09,q12,q18,q22,q23,q33,q36,q37,q39",論理力,創造力,実行力,思考,発散,個人突破,94,64,75,90,88,90,10,78,22,72,28,84,16,最後の砦,12,1 + 0.5 × (1 - typeQuestionFrequency / typeMaxQuestionFrequency),evidence:0.55 / ability:0.30 / axis:0.15,locked-not-implemented
2,win-hunter,勝ち筋ハンター,Winning Strategist,TOIF,win-hunter.m01,判断条件特定,win-hunter.m01.s01,顧客判断照準,"q02,q08,q11,q12,q16,q17,q24,q28,q32,q35,q40",論理力,営業力,創造力,収束,思考,個人突破,91,70,88,66,74,78,22,76,24,72,28,18,82,営業モンスター,11,1 + 0.5 × (1 - typeQuestionFrequency / typeMaxQuestionFrequency),evidence:0.55 / ability:0.30 / axis:0.15,locked-not-implemented
2,win-hunter,勝ち筋ハンター,Winning Strategist,TOIF,win-hunter.m01,判断条件特定,win-hunter.m01.s02,合意条件設計,"q01,q03,q05,q08,q11,q15,q18,q21,q24,q33,q35,q39",論理力,営業力,実行力,思考,収束,個人突破,93,65,84,68,82,84,16,72,28,64,36,21,79,ギルド調律師,12,1 + 0.5 × (1 - typeQuestionFrequency / typeMaxQuestionFrequency),evidence:0.55 / ability:0.30 / axis:0.15,locked-not-implemented
2,win-hunter,勝ち筋ハンター,Winning Strategist,TOIF,win-hunter.m02,成果集中,win-hunter.m02.s01,指標集中,"q01,q02,q04,q08,q12,q16,q17,q21,q24,q30,q32,q33,q40",論理力,管理力,創造力,収束,思考,個人突破,95,78,68,62,80,86,14,83,17,75,25,12,88,事業構想家,13,1 + 0.5 × (1 - typeQuestionFrequency / typeMaxQuestionFrequency),evidence:0.55 / ability:0.30 / axis:0.15,locked-not-implemented
2,win-hunter,勝ち筋ハンター,Winning Strategist,TOIF,win-hunter.m02,成果集中,win-hunter.m02.s02,資源集中,"q02,q03,q06,q08,q10,q14,q18,q19,q26,q27,q30,q31,q34,q38",論理力,管理力,創造力,攻め,収束,個人突破,90,82,72,66,87,81,19,88,12,79,21,16,84,前線指揮官,14,1 + 0.5 × (1 - typeQuestionFrequency / typeMaxQuestionFrequency),evidence:0.55 / ability:0.30 / axis:0.15,locked-not-implemented
2,win-hunter,勝ち筋ハンター,Winning Strategist,TOIF,win-hunter.m02,成果集中,win-hunter.m02.s03,撤退再配分,"q02,q06,q08,q14,q16,q17,q19,q24,q28,q30,q32,q34,q38,q40",論理力,管理力,創造力,収束,思考,攻め,96,72,65,60,84,89,11,78,22,82,18,8,92,最後の砦,14,1 + 0.5 × (1 - typeQuestionFrequency / typeMaxQuestionFrequency),evidence:0.55 / ability:0.30 / axis:0.15,locked-not-implemented
2,win-hunter,勝ち筋ハンター,Winning Strategist,TOIF,win-hunter.m03,競争優位確立,win-hunter.m03.s01,差別化一点,"q02,q04,q08,q10,q11,q12,q14,q20,q24,q26,q28,q32,q34,q36,q40",論理力,創造力,管理力,攻め,収束,個人突破,89,69,82,84,65,80,20,86,14,77,23,14,86,突撃クリエイター,15,1 + 0.5 × (1 - typeQuestionFrequency / typeMaxQuestionFrequency),evidence:0.55 / ability:0.30 / axis:0.15,locked-not-implemented
2,win-hunter,勝ち筋ハンター,Winning Strategist,TOIF,win-hunter.m03,競争優位確立,win-hunter.m03.s02,機会先行,"q02,q05,q08,q10,q14,q17,q21,q26,q28,q30,q32,q34,q37,q38,q40",論理力,実行力,管理力,攻め,個人突破,思考,87,83,78,79,61,74,26,94,6,80,20,24,76,完遂クローザー,15,1 + 0.5 × (1 - typeQuestionFrequency / typeMaxQuestionFrequency),evidence:0.55 / ability:0.30 / axis:0.15,locked-not-implemented
2,win-hunter,勝ち筋ハンター,Winning Strategist,TOIF,win-hunter.m03,競争優位確立,win-hunter.m03.s03,交渉優位,"q02,q08,q10,q11,q15,q17,q18,q21,q24,q26,q28,q32,q34,q35,q38",営業力,論理力,創造力,攻め,収束,思考,92,76,94,64,70,82,18,90,10,84,16,11,89,ギルド調律師,15,1 + 0.5 × (1 - typeQuestionFrequency / typeMaxQuestionFrequency),evidence:0.55 / ability:0.30 / axis:0.15,locked-not-implemented
2,win-hunter,勝ち筋ハンター,Winning Strategist,TOIF,win-hunter.m04,制約突破,win-hunter.m04.s01,ボトルネック突破,"q01,q04,q08,q12,q16,q19,q21,q24,q25,q29,q32,q33,q37,q40",論理力,実行力,営業力,収束,思考,攻め,97,81,62,68,75,88,12,80,20,85,15,7,93,前線指揮官,14,1 + 0.5 × (1 - typeQuestionFrequency / typeMaxQuestionFrequency),evidence:0.55 / ability:0.30 / axis:0.15,locked-not-implemented
2,win-hunter,勝ち筋ハンター,Winning Strategist,TOIF,win-hunter.m04,制約突破,win-hunter.m04.s02,失敗条件封じ,"q01,q04,q08,q10,q12,q16,q17,q19,q21,q24,q25,q26,q29,q32,q34,q37,q40",論理力,管理力,営業力,収束,思考,攻め,98,68,60,63,86,92,8,73,27,80,20,5,95,巻き込みプロデューサー,17,1 + 0.5 × (1 - typeQuestionFrequency / typeMaxQuestionFrequency),evidence:0.55 / ability:0.30 / axis:0.15,locked-not-implemented
3,strategy-commander,企画軍師,Strategy Mastermind,TOGE,strategy-commander.m01,知識再編,strategy-commander.m01.s01,専門知統合,"q01,q04,q08,q12,q15,q19,q20,q24,q27,q28,q32,q36,q40",論理力,創造力,実行力,思考,組織推進,攻め,92,68,79,88,73,84,16,76,24,18,82,80,20,構造ハッカー,13,1 + 0.5 × (1 - typeQuestionFrequency / typeMaxQuestionFrequency),evidence:0.55 / ability:0.30 / axis:0.15,locked-not-implemented
3,strategy-commander,企画軍師,Strategy Mastermind,TOGE,strategy-commander.m01,知識再編,strategy-commander.m01.s02,現場情報統合,"q01,q04,q07,q11,q12,q15,q17,q19,q20,q23,q24,q27,q35,q39",創造力,論理力,管理力,組織推進,発散,攻め,87,74,84,90,70,78,22,74,26,14,86,83,17,勝ち筋ハンター,14,1 + 0.5 × (1 - typeQuestionFrequency / typeMaxQuestionFrequency),evidence:0.55 / ability:0.30 / axis:0.15,locked-not-implemented
3,strategy-commander,企画軍師,Strategy Mastermind,TOGE,strategy-commander.m01,知識再編,strategy-commander.m01.s03,反対論点統合,"q01,q04,q08,q12,q15,q16,q17,q19,q20,q24,q28,q32,q33,q40",論理力,創造力,実行力,思考,発散,攻め,94,64,82,89,76,88,12,71,29,20,80,86,14,完遂クローザー,14,1 + 0.5 × (1 - typeQuestionFrequency / typeMaxQuestionFrequency),evidence:0.55 / ability:0.30 / axis:0.15,locked-not-implemented
3,strategy-commander,企画軍師,Strategy Mastermind,TOGE,strategy-commander.m02,戦力構成,strategy-commander.m02.s01,強み配置,"q03,q07,q15,q19,q23,q27,q30,q31,q39",管理力,論理力,実行力,組織推進,思考,発散,88,75,77,82,91,82,18,79,21,11,89,75,25,ギルド調律師,9,1 + 0.5 × (1 - typeQuestionFrequency / typeMaxQuestionFrequency),evidence:0.55 / ability:0.30 / axis:0.15,locked-not-implemented
3,strategy-commander,企画軍師,Strategy Mastermind,TOGE,strategy-commander.m02,戦力構成,strategy-commander.m02.s02,部門接続,"q03,q07,q11,q15,q18,q19,q22,q23,q27,q31,q39",論理力,管理力,実行力,組織推進,発散,攻め,89,70,86,85,88,80,20,77,23,8,92,84,16,構造ハッカー,11,1 + 0.5 × (1 - typeQuestionFrequency / typeMaxQuestionFrequency),evidence:0.55 / ability:0.30 / axis:0.15,locked-not-implemented
3,strategy-commander,企画軍師,Strategy Mastermind,TOGE,strategy-commander.m02,戦力構成,strategy-commander.m02.s03,判断権設計,"q01,q03,q05,q15,q17,q18,q21,q22,q23,q33,q37,q39",論理力,管理力,実行力,思考,組織推進,発散,95,66,76,74,93,90,10,73,27,16,84,72,28,前線指揮官,12,1 + 0.5 × (1 - typeQuestionFrequency / typeMaxQuestionFrequency),evidence:0.55 / ability:0.30 / axis:0.15,locked-not-implemented
3,strategy-commander,企画軍師,Strategy Mastermind,TOGE,strategy-commander.m03,戦略展開,strategy-commander.m03.s01,組合せ創出,"q02,q04,q06,q10,q12,q14,q20,q24,q26,q28,q36,q38,q40",創造力,論理力,管理力,発散,攻め,組織推進,86,73,80,96,69,81,19,86,14,22,78,93,7,孤高のクラフター,13,1 + 0.5 × (1 - typeQuestionFrequency / typeMaxQuestionFrequency),evidence:0.55 / ability:0.30 / axis:0.15,locked-not-implemented
3,strategy-commander,企画軍師,Strategy Mastermind,TOGE,strategy-commander.m03,戦略展開,strategy-commander.m03.s02,複線設計,"q01,q02,q04,q08,q10,q12,q16,q17,q20,q24,q28,q32,q34,q36,q40",創造力,論理力,実行力,発散,思考,攻め,92,69,74,93,82,87,13,82,18,17,83,90,10,勝ち筋ハンター,15,1 + 0.5 × (1 - typeQuestionFrequency / typeMaxQuestionFrequency),evidence:0.55 / ability:0.30 / axis:0.15,locked-not-implemented
3,strategy-commander,企画軍師,Strategy Mastermind,TOGE,strategy-commander.m04,連携資産化,strategy-commander.m04.s01,協力網形成,"q03,q07,q11,q15,q18,q19,q23,q27,q31,q35,q39",営業力,創造力,実行力,組織推進,発散,思考,82,78,92,89,80,76,24,85,15,5,95,88,12,巻き込みプロデューサー,11,1 + 0.5 × (1 - typeQuestionFrequency / typeMaxQuestionFrequency),evidence:0.55 / ability:0.30 / axis:0.15,locked-not-implemented
3,strategy-commander,企画軍師,Strategy Mastermind,TOGE,strategy-commander.m04,連携資産化,strategy-commander.m04.s02,共同資産化,"q01,q03,q04,q07,q09,q15,q18,q22,q23,q27,q31,q33,q36,q39",管理力,論理力,実行力,組織推進,思考,攻め,91,67,83,84,94,89,11,75,25,10,90,79,21,構造ハッカー,14,1 + 0.5 × (1 - typeQuestionFrequency / typeMaxQuestionFrequency),evidence:0.55 / ability:0.30 / axis:0.15,locked-not-implemented
4,siege-advisor,攻城参謀,Breakthrough Tactician,TOGF,siege-advisor.m01,制約診断,siege-advisor.m01.s01,根本制約特定,"q01,q04,q08,q12,q16,q19,q24,q25,q29,q32,q33,q37,q40",論理力,管理力,営業力,収束,思考,組織推進,94,69,65,74,87,88,12,78,22,28,72,9,91,前線指揮官,13,1 + 0.5 × (1 - typeQuestionFrequency / typeMaxQuestionFrequency),evidence:0.55 / ability:0.30 / axis:0.15,locked-not-implemented
4,siege-advisor,攻城参謀,Breakthrough Tactician,TOGF,siege-advisor.m01,制約診断,siege-advisor.m01.s02,判断停滞解除,"q01,q05,q11,q15,q17,q18,q21,q22,q23,q32,q35,q37,q39",論理力,管理力,創造力,組織推進,思考,攻め,89,71,86,67,88,84,16,76,24,14,86,18,82,ギルド調律師,13,1 + 0.5 × (1 - typeQuestionFrequency / typeMaxQuestionFrequency),evidence:0.55 / ability:0.30 / axis:0.15,locked-not-implemented
4,siege-advisor,攻城参謀,Breakthrough Tactician,TOGF,siege-advisor.m01,制約診断,siege-advisor.m01.s03,資源詰まり解消,"q02,q03,q06,q07,q15,q18,q23,q26,q27,q30,q31,q34,q38,q39",管理力,論理力,営業力,攻め,収束,思考,86,80,69,70,93,79,21,88,12,19,81,15,85,城塞の守護者,14,1 + 0.5 × (1 - typeQuestionFrequency / typeMaxQuestionFrequency),evidence:0.55 / ability:0.30 / axis:0.15,locked-not-implemented
4,siege-advisor,攻城参謀,Breakthrough Tactician,TOGF,siege-advisor.m02,攻略工程,siege-advisor.m02.s01,依存関係整理,"q01,q03,q05,q08,q16,q17,q21,q22,q24,q25,q32,q33,q37,q39",論理力,管理力,営業力,思考,収束,攻め,95,68,66,72,91,92,8,73,27,23,77,10,90,前線指揮官,14,1 + 0.5 × (1 - typeQuestionFrequency / typeMaxQuestionFrequency),evidence:0.55 / ability:0.30 / axis:0.15,locked-not-implemented
4,siege-advisor,攻城参謀,Breakthrough Tactician,TOGF,siege-advisor.m02,攻略工程,siege-advisor.m02.s02,期限逆算,"q01,q03,q05,q17,q21,q22,q26,q30,q32,q33,q34,q37,q39",管理力,論理力,営業力,収束,思考,組織推進,90,78,64,68,94,86,14,80,20,25,75,8,92,完遂クローザー,13,1 + 0.5 × (1 - typeQuestionFrequency / typeMaxQuestionFrequency),evidence:0.55 / ability:0.30 / axis:0.15,locked-not-implemented
4,siege-advisor,攻城参謀,Breakthrough Tactician,TOGF,siege-advisor.m02,攻略工程,siege-advisor.m02.s03,失敗条件封鎖,"q02,q04,q08,q10,q16,q17,q18,q21,q25,q26,q29,q32,q34,q38,q40",論理力,管理力,営業力,思考,収束,組織推進,96,70,62,76,89,90,10,84,16,28,72,12,88,突撃クリエイター,15,1 + 0.5 × (1 - typeQuestionFrequency / typeMaxQuestionFrequency),evidence:0.55 / ability:0.30 / axis:0.15,locked-not-implemented
4,siege-advisor,攻城参謀,Breakthrough Tactician,TOGF,siege-advisor.m03,戦力統率,siege-advisor.m03.s01,強み集中配置,"q02,q03,q07,q15,q18,q23,q27,q30,q31,q34,q38,q39",管理力,論理力,創造力,組織推進,攻め,思考,82,79,78,65,95,75,25,89,11,9,91,18,82,巻き込みプロデューサー,12,1 + 0.5 × (1 - typeQuestionFrequency / typeMaxQuestionFrequency),evidence:0.55 / ability:0.30 / axis:0.15,locked-not-implemented
4,siege-advisor,攻城参謀,Breakthrough Tactician,TOGF,siege-advisor.m03,戦力統率,siege-advisor.m03.s02,部門横断統率,"q02,q07,q11,q15,q18,q22,q23,q27,q30,q31,q35,q38,q39",営業力,管理力,創造力,組織推進,攻め,収束,84,75,91,68,90,82,18,86,14,6,94,21,79,ギルド調律師,13,1 + 0.5 × (1 - typeQuestionFrequency / typeMaxQuestionFrequency),evidence:0.55 / ability:0.30 / axis:0.15,locked-not-implemented
4,siege-advisor,攻城参謀,Breakthrough Tactician,TOGF,siege-advisor.m04,再建突破,siege-advisor.m04.s01,緊急封鎖,"q05,q07,q10,q18,q21,q22,q23,q25,q29,q30,q37,q39",実行力,管理力,営業力,収束,攻め,思考,82,94,61,70,88,66,34,83,17,20,80,13,87,最後の砦,12,1 + 0.5 × (1 - typeQuestionFrequency / typeMaxQuestionFrequency),evidence:0.55 / ability:0.30 / axis:0.15,locked-not-implemented
4,siege-advisor,攻城参謀,Breakthrough Tactician,TOGF,siege-advisor.m04,再建突破,siege-advisor.m04.s02,再始動設計,"q01,q04,q07,q08,q15,q18,q21,q23,q25,q29,q32,q33,q37,q39,q40",管理力,論理力,創造力,収束,思考,攻め,92,84,74,72,94,88,12,82,18,15,85,10,90,巻き込みプロデューサー,15,1 + 0.5 × (1 - typeQuestionFrequency / typeMaxQuestionFrequency),evidence:0.55 / ability:0.30 / axis:0.15,locked-not-implemented
5,solo-inventor,独創の発明家,Original Inventor,TSIE,solo-inventor.m01,問い再設計,solo-inventor.m01.s01,前提反転,"q01,q04,q12,q17,q20,q28,q32,q40",創造力,論理力,営業力,発散,思考,安定,91,65,58,96,72,86,14,33,67,74,26,91,9,完遂クローザー,8,1 + 0.5 × (1 - typeQuestionFrequency / typeMaxQuestionFrequency),evidence:0.55 / ability:0.30 / axis:0.15,locked-not-implemented
5,solo-inventor,独創の発明家,Original Inventor,TSIE,solo-inventor.m01,問い再設計,solo-inventor.m01.s02,原因再設計,"q01,q08,q16,q19,q25,q29,q37,q40",論理力,創造力,営業力,思考,個人突破,発散,97,63,57,87,82,92,8,22,78,81,19,70,30,前線指揮官,8,1 + 0.5 × (1 - typeQuestionFrequency / typeMaxQuestionFrequency),evidence:0.55 / ability:0.30 / axis:0.15,locked-not-implemented
5,solo-inventor,独創の発明家,Original Inventor,TSIE,solo-inventor.m01,問い再設計,solo-inventor.m01.s03,制約活用,"q03,q04,q06,q10,q14,q18,q26,q34,q36,q38",創造力,論理力,営業力,安定,思考,個人突破,90,66,61,93,88,81,19,11,89,76,24,79,21,巻き込みプロデューサー,10,1 + 0.5 × (1 - typeQuestionFrequency / typeMaxQuestionFrequency),evidence:0.55 / ability:0.30 / axis:0.15,locked-not-implemented
5,solo-inventor,独創の発明家,Original Inventor,TSIE,solo-inventor.m02,要素再結合,solo-inventor.m02.s01,異分野接続,"q04,q12,q16,q20,q24,q28,q32,q36,q40",創造力,論理力,実行力,発散,思考,安定,85,64,68,98,70,83,17,37,63,72,28,96,4,勝ち筋ハンター,9,1 + 0.5 × (1 - typeQuestionFrequency / typeMaxQuestionFrequency),evidence:0.55 / ability:0.30 / axis:0.15,locked-not-implemented
5,solo-inventor,独創の発明家,Original Inventor,TSIE,solo-inventor.m02,要素再結合,solo-inventor.m02.s02,機能再構成,"q01,q04,q08,q19,q24,q33,q36,q39",創造力,論理力,営業力,思考,発散,安定,94,70,60,95,79,88,12,24,76,84,16,85,15,構造ハッカー,8,1 + 0.5 × (1 - typeQuestionFrequency / typeMaxQuestionFrequency),evidence:0.55 / ability:0.30 / axis:0.15,locked-not-implemented
5,solo-inventor,独創の発明家,Original Inventor,TSIE,solo-inventor.m02,要素再結合,solo-inventor.m02.s03,多用途展開,"q04,q12,q14,q20,q24,q28,q32,q36,q40",創造力,論理力,実行力,発散,思考,個人突破,86,64,67,97,81,79,21,26,74,71,29,94,6,事業構想家,9,1 + 0.5 × (1 - typeQuestionFrequency / typeMaxQuestionFrequency),evidence:0.55 / ability:0.30 / axis:0.15,locked-not-implemented
5,solo-inventor,独創の発明家,Original Inventor,TSIE,solo-inventor.m03,安全探索,solo-inventor.m03.s01,小域実験,"q06,q10,q14,q18,q20,q22,q26,q34,q36,q38",管理力,論理力,営業力,安定,発散,個人突破,90,78,59,89,94,76,24,7,93,73,27,82,18,突撃クリエイター,10,1 + 0.5 × (1 - typeQuestionFrequency / typeMaxQuestionFrequency),evidence:0.55 / ability:0.30 / axis:0.15,locked-not-implemented
5,solo-inventor,独創の発明家,Original Inventor,TSIE,solo-inventor.m03,安全探索,solo-inventor.m03.s02,比較検証,"q01,q08,q12,q17,q20,q24,q28,q32,q33,q40",論理力,創造力,営業力,思考,安定,個人突破,98,65,58,92,86,94,6,16,84,77,23,83,17,営業モンスター,10,1 + 0.5 × (1 - typeQuestionFrequency / typeMaxQuestionFrequency),evidence:0.55 / ability:0.30 / axis:0.15,locked-not-implemented
5,solo-inventor,独創の発明家,Original Inventor,TSIE,solo-inventor.m04,独自資産化,solo-inventor.m04.s01,専用道具,"q03,q07,q09,q19,q23,q27,q31,q36,q39",創造力,論理力,営業力,個人突破,思考,発散,89,86,56,91,84,82,18,20,80,95,5,74,26,構造ハッカー,9,1 + 0.5 × (1 - typeQuestionFrequency / typeMaxQuestionFrequency),evidence:0.55 / ability:0.30 / axis:0.15,locked-not-implemented
5,solo-inventor,独創の発明家,Original Inventor,TSIE,solo-inventor.m04,独自資産化,solo-inventor.m04.s02,原理資産,"q03,q04,q09,q12,q16,q19,q23,q33,q36,q39",論理力,創造力,営業力,個人突破,思考,発散,96,68,55,94,92,91,9,12,88,92,8,86,14,城塞の守護者,10,1 + 0.5 × (1 - typeQuestionFrequency / typeMaxQuestionFrequency),evidence:0.55 / ability:0.30 / axis:0.15,locked-not-implemented
6,precision-sniper,精密スナイパー,Insight Sniper,TSIF,precision-sniper.m01,焦点特定,precision-sniper.m01.s01,異常抽出,"q01,q08,q12,q16,q17,q24,q32,q33,q40",論理力,管理力,営業力,収束,思考,安定,96,70,62,72,84,90,10,28,72,82,18,6,94,前線指揮官,9,1 + 0.5 × (1 - typeQuestionFrequency / typeMaxQuestionFrequency),evidence:0.55 / ability:0.30 / axis:0.15,locked-not-implemented
6,precision-sniper,精密スナイパー,Insight Sniper,TSIF,precision-sniper.m01,焦点特定,precision-sniper.m01.s02,矛盾解消,"q03,q05,q08,q11,q15,q16,q18,q24,q33,q35,q39",論理力,管理力,実行力,収束,思考,個人突破,93,64,80,68,86,86,14,20,80,61,39,12,88,勝ち筋ハンター,11,1 + 0.5 × (1 - typeQuestionFrequency / typeMaxQuestionFrequency),evidence:0.55 / ability:0.30 / axis:0.15,locked-not-implemented
6,precision-sniper,精密スナイパー,Insight Sniper,TSIF,precision-sniper.m01,焦点特定,precision-sniper.m01.s03,条件分離,"q01,q04,q08,q12,q16,q17,q19,q25,q28,q36,q40",論理力,創造力,営業力,思考,個人突破,安定,95,71,60,83,76,92,8,33,67,84,16,21,79,独創の発明家,11,1 + 0.5 × (1 - typeQuestionFrequency / typeMaxQuestionFrequency),evidence:0.55 / ability:0.30 / axis:0.15,locked-not-implemented
6,precision-sniper,精密スナイパー,Insight Sniper,TSIF,precision-sniper.m02,原因検証,precision-sniper.m02.s01,仮説反証,"q01,q08,q12,q16,q17,q19,q24,q25,q28,q32,q40",論理力,創造力,営業力,思考,収束,安定,98,66,57,82,74,96,4,30,70,89,11,9,91,突撃クリエイター,11,1 + 0.5 × (1 - typeQuestionFrequency / typeMaxQuestionFrequency),evidence:0.55 / ability:0.30 / axis:0.15,locked-not-implemented
6,precision-sniper,精密スナイパー,Insight Sniper,TSIF,precision-sniper.m02,原因検証,precision-sniper.m02.s02,影響切り分け,"q01,q03,q07,q08,q16,q19,q25,q29,q37,q39",論理力,管理力,営業力,収束,思考,個人突破,94,80,61,65,88,83,17,24,76,68,32,7,93,前線指揮官,10,1 + 0.5 × (1 - typeQuestionFrequency / typeMaxQuestionFrequency),evidence:0.55 / ability:0.30 / axis:0.15,locked-not-implemented
6,precision-sniper,精密スナイパー,Insight Sniper,TSIF,precision-sniper.m02,原因検証,precision-sniper.m02.s03,再現確認,"q01,q03,q05,q08,q09,q13,q16,q21,q25,q29,q33,q37,q39",論理力,管理力,営業力,安定,収束,個人突破,92,85,58,63,87,80,20,11,89,77,23,15,85,完遂クローザー,13,1 + 0.5 × (1 - typeQuestionFrequency / typeMaxQuestionFrequency),evidence:0.55 / ability:0.30 / axis:0.15,locked-not-implemented
6,precision-sniper,精密スナイパー,Insight Sniper,TSIF,precision-sniper.m03,判断精密化,precision-sniper.m03.s01,比較基準,"q01,q04,q08,q11,q12,q16,q17,q20,q24,q28,q32,q35,q40",論理力,管理力,実行力,収束,思考,個人突破,94,62,79,69,83,88,12,22,78,58,42,8,92,勝ち筋ハンター,13,1 + 0.5 × (1 - typeQuestionFrequency / typeMaxQuestionFrequency),evidence:0.55 / ability:0.30 / axis:0.15,locked-not-implemented
6,precision-sniper,精密スナイパー,Insight Sniper,TSIF,precision-sniper.m03,判断精密化,precision-sniper.m03.s02,証拠閾値,"q01,q05,q08,q16,q17,q21,q24,q25,q28,q32,q34,q37,q40",論理力,管理力,創造力,思考,収束,個人突破,97,68,66,60,90,94,6,13,87,65,35,10,90,勝ち筋ハンター,13,1 + 0.5 × (1 - typeQuestionFrequency / typeMaxQuestionFrequency),evidence:0.55 / ability:0.30 / axis:0.15,locked-not-implemented
6,precision-sniper,精密スナイパー,Insight Sniper,TSIF,precision-sniper.m04,最小介入,precision-sniper.m04.s01,修正点限定,"q01,q03,q07,q08,q16,q19,q21,q24,q25,q26,q29,q36,q37",論理力,実行力,営業力,収束,個人突破,安定,91,88,56,70,82,76,24,26,74,91,9,4,96,孤高のクラフター,13,1 + 0.5 × (1 - typeQuestionFrequency / typeMaxQuestionFrequency),evidence:0.55 / ability:0.30 / axis:0.15,locked-not-implemented
6,precision-sniper,精密スナイパー,Insight Sniper,TSIF,precision-sniper.m04,最小介入,precision-sniper.m04.s02,予防確認,"q01,q03,q05,q06,q08,q09,q14,q18,q22,q26,q30,q33,q34,q38,q39",管理力,論理力,創造力,安定,収束,個人突破,93,78,64,58,95,84,16,5,95,57,43,11,89,城塞の守護者,15,1 + 0.5 × (1 - typeQuestionFrequency / typeMaxQuestionFrequency),evidence:0.55 / ability:0.30 / axis:0.15,locked-not-implemented
7,structure-hacker,構造ハッカー,Structure Hacker,TSGE,structure-hacker.m01,流れ再設計,structure-hacker.m01.s01,滞留解除,"q01,q04,q07,q08,q09,q15,q16,q18,q22,q29,q33,q37,q39",論理力,管理力,営業力,思考,安定,発散,94,81,60,82,90,88,12,22,78,24,76,71,29,前線指揮官,13,1 + 0.5 × (1 - typeQuestionFrequency / typeMaxQuestionFrequency),evidence:0.55 / ability:0.30 / axis:0.15,locked-not-implemented
7,structure-hacker,構造ハッカー,Structure Hacker,TSGE,structure-hacker.m01,流れ再設計,structure-hacker.m01.s02,受け渡し設計,"q03,q05,q11,q15,q18,q22,q23,q33,q35,q39",管理力,論理力,創造力,組織推進,安定,発散,88,74,79,72,96,82,18,14,86,9,91,65,35,ギルド調律師,10,1 + 0.5 × (1 - typeQuestionFrequency / typeMaxQuestionFrequency),evidence:0.55 / ability:0.30 / axis:0.15,locked-not-implemented
7,structure-hacker,構造ハッカー,Structure Hacker,TSGE,structure-hacker.m01,流れ再設計,structure-hacker.m01.s03,並行化,"q04,q06,q07,q14,q20,q23,q24,q28,q30,q33,q39,q40",創造力,実行力,営業力,発散,組織推進,安定,85,90,65,94,82,76,24,30,70,16,84,89,11,完遂クローザー,12,1 + 0.5 × (1 - typeQuestionFrequency / typeMaxQuestionFrequency),evidence:0.55 / ability:0.30 / axis:0.15,locked-not-implemented
7,structure-hacker,構造ハッカー,Structure Hacker,TSGE,structure-hacker.m02,接続再設計,structure-hacker.m02.s01,責任境界,"q03,q07,q15,q18,q19,q23,q27,q31,q35,q39",管理力,論理力,創造力,思考,組織推進,発散,92,75,76,70,95,89,11,16,84,12,88,62,38,ギルド調律師,10,1 + 0.5 × (1 - typeQuestionFrequency / typeMaxQuestionFrequency),evidence:0.55 / ability:0.30 / axis:0.15,locked-not-implemented
7,structure-hacker,構造ハッカー,Structure Hacker,TSGE,structure-hacker.m02,接続再設計,structure-hacker.m02.s02,判断窓口,"q01,q05,q11,q15,q16,q17,q18,q21,q24,q32,q35,q39",論理力,営業力,実行力,思考,組織推進,発散,96,72,88,75,84,91,9,27,73,14,86,68,32,前線指揮官,12,1 + 0.5 × (1 - typeQuestionFrequency / typeMaxQuestionFrequency),evidence:0.55 / ability:0.30 / axis:0.15,locked-not-implemented
7,structure-hacker,構造ハッカー,Structure Hacker,TSGE,structure-hacker.m02,接続再設計,structure-hacker.m02.s03,専門連携,"q04,q07,q12,q15,q19,q20,q23,q24,q27,q31,q35,q39",創造力,営業力,実行力,組織推進,発散,思考,86,73,90,93,81,74,26,23,77,5,95,91,9,巻き込みプロデューサー,12,1 + 0.5 × (1 - typeQuestionFrequency / typeMaxQuestionFrequency),evidence:0.55 / ability:0.30 / axis:0.15,locked-not-implemented
7,structure-hacker,構造ハッカー,Structure Hacker,TSGE,structure-hacker.m03,運用再設計,structure-hacker.m03.s01,例外吸収,"q06,q10,q14,q18,q22,q25,q29,q30,q34,q37,q38,q39",管理力,論理力,営業力,安定,思考,発散,90,78,62,84,97,83,17,6,94,18,82,79,21,精密スナイパー,12,1 + 0.5 × (1 - typeQuestionFrequency / typeMaxQuestionFrequency),evidence:0.55 / ability:0.30 / axis:0.15,locked-not-implemented
7,structure-hacker,構造ハッカー,Structure Hacker,TSGE,structure-hacker.m03,運用再設計,structure-hacker.m03.s02,標準更新,"q02,q06,q09,q14,q18,q22,q26,q30,q33,q34,q37,q38,q39",管理力,論理力,営業力,安定,組織推進,発散,91,80,68,78,96,86,14,8,92,10,90,73,27,孤高のクラフター,13,1 + 0.5 × (1 - typeQuestionFrequency / typeMaxQuestionFrequency),evidence:0.55 / ability:0.30 / axis:0.15,locked-not-implemented
7,structure-hacker,構造ハッカー,Structure Hacker,TSGE,structure-hacker.m04,学習再設計,structure-hacker.m04.s01,知識再利用,"q04,q09,q12,q20,q23,q24,q28,q33,q36,q39,q40",創造力,管理力,実行力,発散,組織推進,思考,84,70,82,98,90,79,21,12,88,7,93,96,4,独創の発明家,11,1 + 0.5 × (1 - typeQuestionFrequency / typeMaxQuestionFrequency),evidence:0.55 / ability:0.30 / axis:0.15,locked-not-implemented
7,structure-hacker,構造ハッカー,Structure Hacker,TSGE,structure-hacker.m04,学習再設計,structure-hacker.m04.s02,改善循環,"q01,q07,q08,q14,q15,q18,q22,q25,q29,q32,q37,q39,q40",論理力,創造力,営業力,思考,組織推進,安定,95,82,77,91,88,92,8,19,81,11,89,87,13,突撃クリエイター,13,1 + 0.5 × (1 - typeQuestionFrequency / typeMaxQuestionFrequency),evidence:0.55 / ability:0.30 / axis:0.15,locked-not-implemented
8,fortress-guardian,城塞の守護者,Castle Guardian,TSGF,fortress-guardian.m01,保全基準,fortress-guardian.m01.s01,品質下限,"q01,q02,q05,q06,q08,q12,q16,q18,q22,q24,q26,q30,q32,q34,q38,q40",管理力,論理力,創造力,安定,収束,組織推進,88,66,58,55,96,84,16,6,94,28,72,10,90,精密スナイパー,16,1 + 0.5 × (1 - typeQuestionFrequency / typeMaxQuestionFrequency),evidence:0.55 / ability:0.30 / axis:0.15,locked-not-implemented
8,fortress-guardian,城塞の守護者,Castle Guardian,TSGF,fortress-guardian.m01,保全基準,fortress-guardian.m01.s02,信用・法令境界,"q01,q03,q05,q06,q10,q11,q14,q15,q17,q18,q21,q22,q26,q30,q34,q35,q38,q39",管理力,論理力,創造力,安定,収束,組織推進,94,60,76,52,95,90,10,4,96,22,78,8,92,営業モンスター,18,1 + 0.5 × (1 - typeQuestionFrequency / typeMaxQuestionFrequency),evidence:0.55 / ability:0.30 / axis:0.15,locked-not-implemented
8,fortress-guardian,城塞の守護者,Castle Guardian,TSGF,fortress-guardian.m01,保全基準,fortress-guardian.m01.s03,情報・権限境界,"q01,q03,q05,q06,q08,q09,q10,q13,q15,q16,q17,q18,q22,q25,q29,q33,q34,q37,q39",論理力,管理力,営業力,収束,思考,組織推進,96,70,55,58,93,92,8,9,91,34,66,6,94,構造ハッカー,19,1 + 0.5 × (1 - typeQuestionFrequency / typeMaxQuestionFrequency),evidence:0.55 / ability:0.30 / axis:0.15,locked-not-implemented
8,fortress-guardian,城塞の守護者,Castle Guardian,TSGF,fortress-guardian.m02,早期把握,fortress-guardian.m02.s01,兆候監視,"q01,q02,q05,q06,q08,q12,q16,q17,q18,q21,q22,q24,q25,q29,q30,q32,q34,q37,q38,q40",論理力,管理力,営業力,収束,思考,組織推進,95,72,54,62,89,88,12,14,86,36,64,4,96,前線指揮官,20,1 + 0.5 × (1 - typeQuestionFrequency / typeMaxQuestionFrequency),evidence:0.55 / ability:0.30 / axis:0.15,locked-not-implemented
8,fortress-guardian,城塞の守護者,Castle Guardian,TSGF,fortress-guardian.m02,早期把握,fortress-guardian.m02.s02,例外報告,"q03,q05,q07,q10,q11,q14,q15,q18,q19,q22,q23,q25,q27,q29,q31,q34,q35,q38,q39",管理力,営業力,創造力,安定,組織推進,収束,84,62,88,55,96,82,18,8,92,10,90,24,76,ギルド調律師,19,1 + 0.5 × (1 - typeQuestionFrequency / typeMaxQuestionFrequency),evidence:0.55 / ability:0.30 / axis:0.15,locked-not-implemented
8,fortress-guardian,城塞の守護者,Castle Guardian,TSGF,fortress-guardian.m03,継続設計,fortress-guardian.m03.s01,代替経路,"q01,q02,q03,q05,q06,q07,q09,q10,q13,q14,q18,q19,q22,q23,q25,q29,q30,q34,q37,q38,q39",管理力,創造力,営業力,安定,収束,組織推進,80,76,58,82,94,78,22,5,95,26,74,16,84,独創の発明家,21,1 + 0.5 × (1 - typeQuestionFrequency / typeMaxQuestionFrequency),evidence:0.55 / ability:0.30 / axis:0.15,locked-not-implemented
8,fortress-guardian,城塞の守護者,Castle Guardian,TSGF,fortress-guardian.m03,継続設計,fortress-guardian.m03.s02,判断継承,"q01,q03,q05,q07,q09,q11,q13,q15,q17,q18,q19,q21,q22,q23,q27,q31,q33,q35,q37,q39",管理力,論理力,創造力,安定,組織推進,収束,88,64,84,54,97,86,14,7,93,8,92,20,80,企画軍師,20,1 + 0.5 × (1 - typeQuestionFrequency / typeMaxQuestionFrequency),evidence:0.55 / ability:0.30 / axis:0.15,locked-not-implemented
8,fortress-guardian,城塞の守護者,Castle Guardian,TSGF,fortress-guardian.m03,継続設計,fortress-guardian.m03.s03,復旧順序,"q01,q03,q05,q06,q07,q08,q10,q15,q16,q17,q18,q21,q22,q24,q25,q29,q30,q32,q34,q37,q38,q39",管理力,論理力,創造力,安定,収束,組織推進,92,82,57,56,95,84,16,4,96,22,78,6,94,最後の砦,22,1 + 0.5 × (1 - typeQuestionFrequency / typeMaxQuestionFrequency),evidence:0.55 / ability:0.30 / axis:0.15,locked-not-implemented
8,fortress-guardian,城塞の守護者,Castle Guardian,TSGF,fortress-guardian.m04,変更統制,fortress-guardian.m04.s01,段階導入,"q01,q02,q03,q04,q05,q06,q10,q11,q14,q15,q18,q20,q21,q22,q23,q24,q26,q28,q30,q32,q34,q36,q38,q40",管理力,論理力,営業力,安定,組織推進,収束,84,78,70,76,93,80,20,11,89,18,82,28,72,突撃クリエイター,24,1 + 0.5 × (1 - typeQuestionFrequency / typeMaxQuestionFrequency),evidence:0.55 / ability:0.30 / axis:0.15,locked-not-implemented
8,fortress-guardian,城塞の守護者,Castle Guardian,TSGF,fortress-guardian.m04,変更統制,fortress-guardian.m04.s02,停止・撤回,"q01,q02,q04,q05,q06,q08,q10,q12,q14,q16,q17,q18,q20,q21,q22,q24,q25,q26,q28,q29,q30,q32,q34,q36,q37,q38,q40",論理力,管理力,創造力,安定,収束,組織推進,97,72,58,54,96,94,6,2,98,30,70,4,96,勝ち筋ハンター,27,1 + 0.5 × (1 - typeQuestionFrequency / typeMaxQuestionFrequency),evidence:0.55 / ability:0.30 / axis:0.15,locked-not-implemented
9,assault-creator,突撃クリエイター,Vanguard Creator,AOIE,assault-creator.m01,試作先行,assault-creator.m01.s01,即応試作,"q01,q05,q13,q21",実行力,創造力,管理力,行動,個人突破,発散,72,93,64,78,60,18,82,66,34,72,28,59,41,精密スナイパー,4,1 + 0.5 × (1 - typeQuestionFrequency / typeMaxQuestionFrequency),evidence:0.55 / ability:0.30 / axis:0.15,locked-not-implemented
9,assault-creator,突撃クリエイター,Vanguard Creator,AOIE,assault-creator.m01,試作先行,assault-creator.m01.s02,仮説試作,"q08,q16,q17,q21,q24,q32",論理力,実行力,営業力,行動,個人突破,発散,91,88,61,74,66,30,70,64,36,69,31,58,42,独創の発明家,6,1 + 0.5 × (1 - typeQuestionFrequency / typeMaxQuestionFrequency),evidence:0.55 / ability:0.30 / axis:0.15,locked-not-implemented
9,assault-creator,突撃クリエイター,Vanguard Creator,AOIE,assault-creator.m01,試作先行,assault-creator.m01.s03,生成試作,"q20,q24,q28,q33",創造力,実行力,管理力,発散,行動,個人突破,70,83,63,94,59,27,73,68,32,65,35,86,14,完遂クローザー,4,1 + 0.5 × (1 - typeQuestionFrequency / typeMaxQuestionFrequency),evidence:0.55 / ability:0.30 / axis:0.15,locked-not-implemented
9,assault-creator,突撃クリエイター,Vanguard Creator,AOIE,assault-creator.m02,反応編集,assault-creator.m02.s01,反応変換,"q11,q18,q20,q24,q35,q36",営業力,創造力,管理力,攻め,発散,個人突破,84,79,92,88,67,32,68,74,26,58,42,71,29,完遂クローザー,6,1 + 0.5 × (1 - typeQuestionFrequency / typeMaxQuestionFrequency),evidence:0.55 / ability:0.30 / axis:0.15,locked-not-implemented
9,assault-creator,突撃クリエイター,Vanguard Creator,AOIE,assault-creator.m02,反応編集,assault-creator.m02.s02,対話更新,"q11,q15,q35,q39",営業力,創造力,管理力,攻め,発散,個人突破,78,73,95,82,69,36,64,70,30,55,45,67,33,ギルド調律師,4,1 + 0.5 × (1 - typeQuestionFrequency / typeMaxQuestionFrequency),evidence:0.55 / ability:0.30 / axis:0.15,locked-not-implemented
9,assault-creator,突撃クリエイター,Vanguard Creator,AOIE,assault-creator.m03,複線探索,assault-creator.m03.s01,並行試行,"q10,q20,q22,q28,q32",実行力,創造力,管理力,発散,行動,個人突破,74,90,71,87,62,24,76,72,28,63,37,84,16,前線指揮官,5,1 + 0.5 × (1 - typeQuestionFrequency / typeMaxQuestionFrequency),evidence:0.55 / ability:0.30 / axis:0.15,locked-not-implemented
9,assault-creator,突撃クリエイター,Vanguard Creator,AOIE,assault-creator.m03,複線探索,assault-creator.m03.s02,組み替え展開,"q12,q24,q36",創造力,実行力,管理力,発散,個人突破,攻め,76,77,68,95,64,31,69,65,35,70,30,88,12,企画軍師,3,1 + 0.5 × (1 - typeQuestionFrequency / typeMaxQuestionFrequency),evidence:0.55 / ability:0.30 / axis:0.15,locked-not-implemented
9,assault-creator,突撃クリエイター,Vanguard Creator,AOIE,assault-creator.m03,複線探索,assault-creator.m03.s03,選別集中,"q24,q28,q32",実行力,論理力,管理力,攻め,個人突破,発散,88,91,72,80,65,28,72,85,15,73,27,69,31,城塞の守護者,3,1 + 0.5 × (1 - typeQuestionFrequency / typeMaxQuestionFrequency),evidence:0.55 / ability:0.30 / axis:0.15,locked-not-implemented
9,assault-creator,突撃クリエイター,Vanguard Creator,AOIE,assault-creator.m04,停滞突破,assault-creator.m04.s01,手段転換,"q14,q36,q37",実行力,創造力,管理力,行動,個人突破,発散,73,89,65,86,61,21,79,69,31,75,25,66,34,精密スナイパー,3,1 + 0.5 × (1 - typeQuestionFrequency / typeMaxQuestionFrequency),evidence:0.55 / ability:0.30 / axis:0.15,locked-not-implemented
9,assault-creator,突撃クリエイター,Vanguard Creator,AOIE,assault-creator.m04,停滞突破,assault-creator.m04.s02,即応復旧,"q25,q29,q37",実行力,創造力,営業力,行動,個人突破,発散,69,96,62,76,63,12,88,67,33,78,22,60,40,構造ハッカー,3,1 + 0.5 × (1 - typeQuestionFrequency / typeMaxQuestionFrequency),evidence:0.55 / ability:0.30 / axis:0.15,locked-not-implemented
9,assault-creator,突撃クリエイター,Vanguard Creator,AOIE,assault-creator.m04,停滞突破,assault-creator.m04.s03,資源組み替え,"q07,q19,q23,q39",実行力,営業力,論理力,行動,発散,個人突破,75,84,82,78,81,26,74,63,37,54,46,65,35,ギルド調律師,4,1 + 0.5 × (1 - typeQuestionFrequency / typeMaxQuestionFrequency),evidence:0.55 / ability:0.30 / axis:0.15,locked-not-implemented
9,assault-creator,突撃クリエイター,Vanguard Creator,AOIE,assault-creator.m05,成果拡張,assault-creator.m05.s01,横展開,"q14,q36,q38,q40",創造力,営業力,管理力,攻め,発散,個人突破,76,82,89,91,68,33,67,82,18,61,39,78,22,構造ハッカー,4,1 + 0.5 × (1 - typeQuestionFrequency / typeMaxQuestionFrequency),evidence:0.55 / ability:0.30 / axis:0.15,locked-not-implemented
9,assault-creator,突撃クリエイター,Vanguard Creator,AOIE,assault-creator.m05,成果拡張,assault-creator.m05.s02,集中増幅,"q06,q26,q30",実行力,営業力,管理力,攻め,個人突破,発散,79,94,84,77,66,25,75,91,9,76,24,62,38,城塞の守護者,3,1 + 0.5 × (1 - typeQuestionFrequency / typeMaxQuestionFrequency),evidence:0.55 / ability:0.30 / axis:0.15,locked-not-implemented
10,sales-monster,営業モンスター,Sales Beast,AOIF,sales-monster.m01,懸念解消,sales-monster.m01.s01,原因特定,"q11,q15,q35",営業力,論理力,創造力,収束,行動,個人突破,88,76,94,62,70,28,72,69,31,60,40,26,74,ギルド調律師,3,1 + 0.5 × (1 - typeQuestionFrequency / typeMaxQuestionFrequency),evidence:0.55 / ability:0.30 / axis:0.15,locked-not-implemented
10,sales-monster,営業モンスター,Sales Beast,AOIF,sales-monster.m01,懸念解消,sales-monster.m01.s02,証拠解消,"q08,q16,q17,q21",論理力,実行力,創造力,収束,行動,個人突破,93,87,82,60,72,34,66,65,35,58,42,22,78,精密スナイパー,4,1 + 0.5 × (1 - typeQuestionFrequency / typeMaxQuestionFrequency),evidence:0.55 / ability:0.30 / axis:0.15,locked-not-implemented
10,sales-monster,営業モンスター,Sales Beast,AOIF,sales-monster.m01,懸念解消,sales-monster.m01.s03,代替解消,"q14,q22,q35,q37",営業力,創造力,管理力,攻め,行動,収束,75,83,92,90,64,24,76,78,22,67,33,39,61,完遂クローザー,4,1 + 0.5 × (1 - typeQuestionFrequency / typeMaxQuestionFrequency),evidence:0.55 / ability:0.30 / axis:0.15,locked-not-implemented
10,sales-monster,営業モンスター,Sales Beast,AOIF,sales-monster.m02,比較圧縮,sales-monster.m02.s01,基準整理,"q08,q12,q16,q24,q32",論理力,営業力,創造力,収束,攻め,個人突破,95,72,86,58,80,39,61,64,36,55,45,14,86,企画軍師,5,1 + 0.5 × (1 - typeQuestionFrequency / typeMaxQuestionFrequency),evidence:0.55 / ability:0.30 / axis:0.15,locked-not-implemented
10,sales-monster,営業モンスター,Sales Beast,AOIF,sales-monster.m02,比較圧縮,sales-monster.m02.s02,本命提示,"q21,q24,q30,q32",論理力,実行力,創造力,収束,攻め,個人突破,90,88,83,56,66,25,75,84,16,71,29,12,88,城塞の守護者,4,1 + 0.5 × (1 - typeQuestionFrequency / typeMaxQuestionFrequency),evidence:0.55 / ability:0.30 / axis:0.15,locked-not-implemented
10,sales-monster,営業モンスター,Sales Beast,AOIF,sales-monster.m03,条件設計,sales-monster.m03.s01,条件調整,"q11,q15,q18",営業力,論理力,創造力,収束,攻め,個人突破,87,74,93,68,82,32,68,73,27,57,43,24,76,前線指揮官,3,1 + 0.5 × (1 - typeQuestionFrequency / typeMaxQuestionFrequency),evidence:0.55 / ability:0.30 / axis:0.15,locked-not-implemented
10,sales-monster,営業モンスター,Sales Beast,AOIF,sales-monster.m03,条件設計,sales-monster.m03.s02,段階合意,"q05,q11,q17,q21",実行力,営業力,創造力,行動,収束,個人突破,78,92,90,64,75,18,82,69,31,62,38,28,72,精密スナイパー,4,1 + 0.5 × (1 - typeQuestionFrequency / typeMaxQuestionFrequency),evidence:0.55 / ability:0.30 / axis:0.15,locked-not-implemented
10,sales-monster,営業モンスター,Sales Beast,AOIF,sales-monster.m03,条件設計,sales-monster.m03.s03,関係者接続,"q11,q15,q23,q39",営業力,管理力,創造力,収束,攻め,個人突破,82,72,94,60,91,35,65,67,33,53,47,25,75,ギルド調律師,4,1 + 0.5 × (1 - typeQuestionFrequency / typeMaxQuestionFrequency),evidence:0.55 / ability:0.30 / axis:0.15,locked-not-implemented
10,sales-monster,営業モンスター,Sales Beast,AOIF,sales-monster.m04,行動着地,sales-monster.m04.s01,即時着地,"q05,q21,q35",実行力,営業力,創造力,行動,攻め,個人突破,72,96,92,59,63,10,90,86,14,74,26,19,81,完遂クローザー,3,1 + 0.5 × (1 - typeQuestionFrequency / typeMaxQuestionFrequency),evidence:0.55 / ability:0.30 / axis:0.15,locked-not-implemented
10,sales-monster,営業モンスター,Sales Beast,AOIF,sales-monster.m04,行動着地,sales-monster.m04.s02,追跡着地,"q11,q21,q35,q39",営業力,管理力,創造力,収束,行動,個人突破,84,85,91,57,89,27,73,62,38,56,44,20,80,完遂クローザー,4,1 + 0.5 × (1 - typeQuestionFrequency / typeMaxQuestionFrequency),evidence:0.55 / ability:0.30 / axis:0.15,locked-not-implemented
11,producer,巻き込みプロデューサー,Momentum Igniter,AOGE,producer.m01,参加起動,producer.m01.s01,意味付与,"q11,q15,q35",営業力,創造力,管理力,組織推進,発散,行動,70,78,94,89,62,34,66,68,32,26,74,72,28,完遂クローザー,3,1 + 0.5 × (1 - typeQuestionFrequency / typeMaxQuestionFrequency),evidence:0.55 / ability:0.30 / axis:0.15,locked-not-implemented
11,producer,巻き込みプロデューサー,Momentum Igniter,AOGE,producer.m01,参加起動,producer.m01.s02,役割提示,"q03,q11,q23,q39",営業力,管理力,創造力,組織推進,攻め,発散,76,72,91,68,88,36,64,65,35,22,78,60,40,ギルド調律師,4,1 + 0.5 × (1 - typeQuestionFrequency / typeMaxQuestionFrequency),evidence:0.55 / ability:0.30 / axis:0.15,locked-not-implemented
11,producer,巻き込みプロデューサー,Momentum Igniter,AOGE,producer.m01,参加起動,producer.m01.s03,初動形成,"q05,q17,q21,q35,q37",実行力,営業力,管理力,行動,攻め,発散,68,94,90,74,64,18,82,74,26,34,66,62,38,攻城参謀,5,1 + 0.5 × (1 - typeQuestionFrequency / typeMaxQuestionFrequency),evidence:0.55 / ability:0.30 / axis:0.15,locked-not-implemented
11,producer,巻き込みプロデューサー,Momentum Igniter,AOGE,producer.m02,共同試作,producer.m02.s01,対話編集,"q11,q20,q24,q35",営業力,創造力,管理力,発散,組織推進,攻め,72,75,93,92,60,32,68,67,33,24,76,82,18,勝ち筋ハンター,4,1 + 0.5 × (1 - typeQuestionFrequency / typeMaxQuestionFrequency),evidence:0.55 / ability:0.30 / axis:0.15,locked-not-implemented
11,producer,巻き込みプロデューサー,Momentum Igniter,AOGE,producer.m02,共同試作,producer.m02.s02,現場試作,"q01,q05,q11,q17,q22,q37",実行力,創造力,論理力,行動,発散,攻め,64,95,82,88,66,16,84,70,30,29,71,74,26,最後の砦,6,1 + 0.5 × (1 - typeQuestionFrequency / typeMaxQuestionFrequency),evidence:0.55 / ability:0.30 / axis:0.15,locked-not-implemented
11,producer,巻き込みプロデューサー,Momentum Igniter,AOGE,producer.m03,資源接続,producer.m03.s01,強み配置,"q03,q18,q22,q23,q27,q31,q39",営業力,管理力,実行力,組織推進,発散,行動,74,70,90,72,89,38,62,64,36,14,86,66,34,ギルド調律師,7,1 + 0.5 × (1 - typeQuestionFrequency / typeMaxQuestionFrequency),evidence:0.55 / ability:0.30 / axis:0.15,locked-not-implemented
11,producer,巻き込みプロデューサー,Momentum Igniter,AOGE,producer.m03,資源接続,producer.m03.s02,条件再編,"q06,q24,q30,q36",創造力,論理力,実行力,発散,攻め,行動,89,66,70,93,78,40,60,72,28,36,64,80,20,城塞の守護者,4,1 + 0.5 × (1 - typeQuestionFrequency / typeMaxQuestionFrequency),evidence:0.55 / ability:0.30 / axis:0.15,locked-not-implemented
11,producer,巻き込みプロデューサー,Momentum Igniter,AOGE,producer.m03,資源接続,producer.m03.s03,境界接続,"q15,q19,q23,q39",営業力,管理力,創造力,組織推進,攻め,発散,82,68,92,64,90,35,65,66,34,12,88,62,38,構造ハッカー,4,1 + 0.5 × (1 - typeQuestionFrequency / typeMaxQuestionFrequency),evidence:0.55 / ability:0.30 / axis:0.15,locked-not-implemented
11,producer,巻き込みプロデューサー,Momentum Igniter,AOGE,producer.m04,連鎖拡張,producer.m04.s01,成果展開,"q12,q16,q23,q24,q27,q31,q36,q40",創造力,論理力,管理力,発散,攻め,組織推進,84,82,75,96,60,30,70,82,18,38,62,88,12,勝ち筋ハンター,8,1 + 0.5 × (1 - typeQuestionFrequency / typeMaxQuestionFrequency),evidence:0.55 / ability:0.30 / axis:0.15,locked-not-implemented
11,producer,巻き込みプロデューサー,Momentum Igniter,AOGE,producer.m04,連鎖拡張,producer.m04.s02,協力連鎖,"q12,q15,q16,q19,q23,q27,q28,q31",営業力,創造力,論理力,組織推進,発散,行動,66,78,94,91,70,32,68,76,24,10,90,84,16,最後の砦,8,1 + 0.5 × (1 - typeQuestionFrequency / typeMaxQuestionFrequency),evidence:0.55 / ability:0.30 / axis:0.15,locked-not-implemented
12,frontline-commander,前線指揮官,Frontline Commander,AOGF,frontline-commander.m01,危機制御,frontline-commander.m01.s01,影響封じ,"q07,q21,q25,q29",実行力,管理力,創造力,行動,収束,組織推進,70,96,74,61,79,9,91,78,22,28,72,16,84,精密スナイパー,4,1 + 0.5 × (1 - typeQuestionFrequency / typeMaxQuestionFrequency),evidence:0.55 / ability:0.30 / axis:0.15,locked-not-implemented
12,frontline-commander,前線指揮官,Frontline Commander,AOGF,frontline-commander.m01,危機制御,frontline-commander.m01.s02,復旧再開,"q22,q23,q29,q37",実行力,創造力,管理力,行動,攻め,組織推進,73,95,76,87,64,12,88,83,17,31,69,28,72,城塞の守護者,4,1 + 0.5 × (1 - typeQuestionFrequency / typeMaxQuestionFrequency),evidence:0.55 / ability:0.30 / axis:0.15,locked-not-implemented
12,frontline-commander,前線指揮官,Frontline Commander,AOGF,frontline-commander.m02,戦力再編,frontline-commander.m02.s01,得意配置,"q15,q23,q27,q31",管理力,営業力,創造力,組織推進,行動,攻め,77,82,90,70,91,27,73,69,31,12,88,30,70,ギルド調律師,4,1 + 0.5 × (1 - typeQuestionFrequency / typeMaxQuestionFrequency),evidence:0.55 / ability:0.30 / axis:0.15,locked-not-implemented
12,frontline-commander,前線指揮官,Frontline Commander,AOGF,frontline-commander.m02,戦力再編,frontline-commander.m02.s02,重点投入,"q02,q06,q26,q30",実行力,管理力,創造力,攻め,収束,組織推進,80,94,75,60,85,18,82,91,9,26,74,13,87,城塞の守護者,4,1 + 0.5 × (1 - typeQuestionFrequency / typeMaxQuestionFrequency),evidence:0.55 / ability:0.30 / axis:0.15,locked-not-implemented
12,frontline-commander,前線指揮官,Frontline Commander,AOGF,frontline-commander.m02,戦力再編,frontline-commander.m02.s03,責任再設定,"q03,q07,q15,q39",管理力,論理力,創造力,組織推進,収束,攻め,84,75,82,56,96,33,67,65,35,8,92,22,78,構造ハッカー,4,1 + 0.5 × (1 - typeQuestionFrequency / typeMaxQuestionFrequency),evidence:0.55 / ability:0.30 / axis:0.15,locked-not-implemented
12,frontline-commander,前線指揮官,Frontline Commander,AOGF,frontline-commander.m03,方針収束,frontline-commander.m03.s01,仮方針,"q05,q17,q21,q37",実行力,論理力,創造力,行動,収束,組織推進,79,97,73,66,74,7,93,76,24,32,68,21,79,精密スナイパー,4,1 + 0.5 × (1 - typeQuestionFrequency / typeMaxQuestionFrequency),evidence:0.55 / ability:0.30 / axis:0.15,locked-not-implemented
12,frontline-commander,前線指揮官,Frontline Commander,AOGF,frontline-commander.m03,方針収束,frontline-commander.m03.s02,重点方針,"q08,q12,q16,q24,q28,q32,q40",論理力,実行力,創造力,収束,攻め,組織推進,94,86,70,54,77,30,70,88,12,38,62,4,96,事業構想家,7,1 + 0.5 × (1 - typeQuestionFrequency / typeMaxQuestionFrequency),evidence:0.55 / ability:0.30 / axis:0.15,locked-not-implemented
12,frontline-commander,前線指揮官,Frontline Commander,AOGF,frontline-commander.m03,方針収束,frontline-commander.m03.s03,合意方針,"q11,q15,q35,q39",営業力,管理力,創造力,組織推進,収束,攻め,84,78,95,59,86,28,72,72,28,6,94,18,82,ギルド調律師,4,1 + 0.5 × (1 - typeQuestionFrequency / typeMaxQuestionFrequency),evidence:0.55 / ability:0.30 / axis:0.15,locked-not-implemented
12,frontline-commander,前線指揮官,Frontline Commander,AOGF,frontline-commander.m04,進行回復,frontline-commander.m04.s01,現場修正,"q14,q22,q29,q37",実行力,創造力,管理力,行動,攻め,収束,69,96,78,91,65,10,90,82,18,25,75,34,66,完遂クローザー,4,1 + 0.5 × (1 - typeQuestionFrequency / typeMaxQuestionFrequency),evidence:0.55 / ability:0.30 / axis:0.15,locked-not-implemented
12,frontline-commander,前線指揮官,Frontline Commander,AOGF,frontline-commander.m04,進行回復,frontline-commander.m04.s02,進捗回収,"q03,q07,q15,q21,q37,q39",管理力,実行力,創造力,組織推進,収束,攻め,82,86,84,57,95,24,76,68,32,7,93,15,85,構造ハッカー,6,1 + 0.5 × (1 - typeQuestionFrequency / typeMaxQuestionFrequency),evidence:0.55 / ability:0.30 / axis:0.15,locked-not-implemented
13,lone-crafter,孤高のクラフター,Master Crafter,ASIE,lone-crafter.m01,試作発見,lone-crafter.m01.s01,粗形試作,"q01,q05,q09,q13,q17,q21,q33",実行力,創造力,営業力,行動,発散,安定,70,94,58,90,65,12,88,34,66,70,30,79,21,精密スナイパー,7,1 + 0.5 × (1 - typeQuestionFrequency / typeMaxQuestionFrequency),evidence:0.55 / ability:0.30 / axis:0.15,locked-not-implemented
13,lone-crafter,孤高のクラフター,Master Crafter,ASIE,lone-crafter.m01,試作発見,lone-crafter.m01.s02,比較試作,"q05,q13,q20,q24,q28,q32,q40",創造力,論理力,営業力,発散,行動,個人突破,88,80,61,95,67,28,72,29,71,64,36,88,12,勝ち筋ハンター,7,1 + 0.5 × (1 - typeQuestionFrequency / typeMaxQuestionFrequency),evidence:0.55 / ability:0.30 / axis:0.15,locked-not-implemented
13,lone-crafter,孤高のクラフター,Master Crafter,ASIE,lone-crafter.m01,試作発見,lone-crafter.m01.s03,要望具体化,"q11,q20,q24,q33,q35",営業力,創造力,管理力,発散,行動,個人突破,82,74,90,88,64,31,69,32,68,56,44,76,24,営業モンスター,5,1 + 0.5 × (1 - typeQuestionFrequency / typeMaxQuestionFrequency),evidence:0.55 / ability:0.30 / axis:0.15,locked-not-implemented
13,lone-crafter,孤高のクラフター,Master Crafter,ASIE,lone-crafter.m02,品質研磨,lone-crafter.m02.s01,違和感修正,"q04,q08,q16,q25,q26,q37,q38",論理力,創造力,営業力,安定,個人突破,発散,91,85,55,87,72,27,73,18,82,75,25,61,39,完遂クローザー,7,1 + 0.5 × (1 - typeQuestionFrequency / typeMaxQuestionFrequency),evidence:0.55 / ability:0.30 / axis:0.15,locked-not-implemented
13,lone-crafter,孤高のクラフター,Master Crafter,ASIE,lone-crafter.m02,品質研磨,lone-crafter.m02.s02,使用感改良,"q11,q14,q22,q35,q36,q37",創造力,営業力,管理力,行動,安定,個人突破,75,84,86,89,68,22,78,26,74,58,42,70,30,企画軍師,6,1 + 0.5 × (1 - typeQuestionFrequency / typeMaxQuestionFrequency),evidence:0.55 / ability:0.30 / axis:0.15,locked-not-implemented
13,lone-crafter,孤高のクラフター,Master Crafter,ASIE,lone-crafter.m02,品質研磨,lone-crafter.m02.s03,耐久安定,"q06,q10,q14,q18,q22,q26,q34,q38",管理力,論理力,営業力,安定,個人突破,発散,88,78,54,68,93,38,62,9,91,71,29,57,43,城塞の守護者,8,1 + 0.5 × (1 - typeQuestionFrequency / typeMaxQuestionFrequency),evidence:0.55 / ability:0.30 / axis:0.15,locked-not-implemented
13,lone-crafter,孤高のクラフター,Master Crafter,ASIE,lone-crafter.m03,工程発明,lone-crafter.m03.s01,手順短縮,"q09,q13,q23,q29,q33,q37",実行力,論理力,営業力,行動,個人突破,発散,87,95,52,76,72,15,85,21,79,82,18,65,35,構造ハッカー,6,1 + 0.5 × (1 - typeQuestionFrequency / typeMaxQuestionFrequency),evidence:0.55 / ability:0.30 / axis:0.15,locked-not-implemented
13,lone-crafter,孤高のクラフター,Master Crafter,ASIE,lone-crafter.m03,工程発明,lone-crafter.m03.s02,再利用設計,"q04,q12,q16,q24,q28,q32,q36,q40",創造力,管理力,営業力,発散,安定,個人突破,80,77,56,94,86,30,70,17,83,63,37,90,10,事業構想家,8,1 + 0.5 × (1 - typeQuestionFrequency / typeMaxQuestionFrequency),evidence:0.55 / ability:0.30 / axis:0.15,locked-not-implemented
13,lone-crafter,孤高のクラフター,Master Crafter,ASIE,lone-crafter.m04,専門自走,lone-crafter.m04.s01,即応復旧,"q07,q25,q29,q37",実行力,論理力,営業力,行動,個人突破,発散,82,97,58,74,66,8,92,23,77,84,16,60,40,前線指揮官,4,1 + 0.5 × (1 - typeQuestionFrequency / typeMaxQuestionFrequency),evidence:0.55 / ability:0.30 / axis:0.15,locked-not-implemented
13,lone-crafter,孤高のクラフター,Master Crafter,ASIE,lone-crafter.m04,専門自走,lone-crafter.m04.s02,一貫制作,"q03,q19,q23,q27,q31,q39",管理力,実行力,営業力,個人突破,安定,発散,77,89,53,85,90,25,75,12,88,91,9,72,28,巻き込みプロデューサー,6,1 + 0.5 × (1 - typeQuestionFrequency / typeMaxQuestionFrequency),evidence:0.55 / ability:0.30 / axis:0.15,locked-not-implemented
14,closer,完遂クローザー,Final Closer,ASIF,closer.m01,完了条件固定,closer.m01.s01,成果条件固定,"q03,q11,q18,q22,q26,q34,q36,q39,q40",管理力,論理力,創造力,収束,安定,個人突破,91,80,65,58,94,34,66,22,78,64,36,18,82,事業構想家,9,1 + 0.5 × (1 - typeQuestionFrequency / typeMaxQuestionFrequency),evidence:0.55 / ability:0.30 / axis:0.15,locked-not-implemented
14,closer,完遂クローザー,Final Closer,ASIF,closer.m01,完了条件固定,closer.m01.s02,品質基準固定,"q06,q10,q14,q18,q22,q26,q30,q34,q38,q39",管理力,論理力,創造力,安定,収束,個人突破,88,74,60,56,96,38,62,12,88,58,42,16,84,城塞の守護者,10,1 + 0.5 × (1 - typeQuestionFrequency / typeMaxQuestionFrequency),evidence:0.55 / ability:0.30 / axis:0.15,locked-not-implemented
14,closer,完遂クローザー,Final Closer,ASIF,closer.m01,完了条件固定,closer.m01.s03,受取状態確認,"q11,q15,q18,q22,q35,q39",管理力,営業力,創造力,安定,収束,個人突破,82,76,84,60,91,30,70,20,80,56,44,28,72,営業モンスター,6,1 + 0.5 × (1 - typeQuestionFrequency / typeMaxQuestionFrequency),evidence:0.55 / ability:0.30 / axis:0.15,locked-not-implemented
14,closer,完遂クローザー,Final Closer,ASIF,closer.m02,残件閉鎖,closer.m02.s01,抜け回収,"q03,q07,q21,q25,q29,q32,q37,q39",管理力,実行力,創造力,収束,行動,個人突破,84,90,61,57,92,22,78,28,72,68,32,21,79,前線指揮官,8,1 + 0.5 × (1 - typeQuestionFrequency / typeMaxQuestionFrequency),evidence:0.55 / ability:0.30 / axis:0.15,locked-not-implemented
14,closer,完遂クローザー,Final Closer,ASIF,closer.m02,残件閉鎖,closer.m02.s02,依存回収,"q11,q15,q18,q21,q35,q39",管理力,実行力,創造力,収束,安定,個人突破,86,87,72,55,94,26,74,24,76,63,37,17,83,ギルド調律師,6,1 + 0.5 × (1 - typeQuestionFrequency / typeMaxQuestionFrequency),evidence:0.55 / ability:0.30 / axis:0.15,locked-not-implemented
14,closer,完遂クローザー,Final Closer,ASIF,closer.m03,障害完遂,closer.m03.s01,即応復旧,"q05,q07,q17,q21,q25,q29,q37",実行力,管理力,創造力,行動,収束,安定,72,96,62,58,78,8,92,34,66,70,30,22,78,前線指揮官,7,1 + 0.5 × (1 - typeQuestionFrequency / typeMaxQuestionFrequency),evidence:0.55 / ability:0.30 / axis:0.15,locked-not-implemented
14,closer,完遂クローザー,Final Closer,ASIF,closer.m03,障害完遂,closer.m03.s02,代替完遂,"q01,q05,q13,q17,q23,q25,q29,q37",実行力,創造力,管理力,行動,個人突破,収束,74,91,67,89,63,16,84,30,70,75,25,40,60,独創の発明家,8,1 + 0.5 × (1 - typeQuestionFrequency / typeMaxQuestionFrequency),evidence:0.55 / ability:0.30 / axis:0.15,locked-not-implemented
14,closer,完遂クローザー,Final Closer,ASIF,closer.m03,障害完遂,closer.m03.s03,計画再建,"q08,q12,q16,q21,q24,q25,q29,q32,q37",管理力,論理力,営業力,収束,安定,個人突破,93,82,57,60,95,36,64,16,84,61,39,12,88,攻城参謀,9,1 + 0.5 × (1 - typeQuestionFrequency / typeMaxQuestionFrequency),evidence:0.55 / ability:0.30 / axis:0.15,locked-not-implemented
14,closer,完遂クローザー,Final Closer,ASIF,closer.m04,責任終結,closer.m04.s01,引継ぎ完了,"q03,q11,q18,q22,q31,q35,q39",管理力,論理力,創造力,安定,収束,個人突破,85,79,71,56,96,32,68,14,86,59,41,20,80,巻き込みプロデューサー,7,1 + 0.5 × (1 - typeQuestionFrequency / typeMaxQuestionFrequency),evidence:0.55 / ability:0.30 / axis:0.15,locked-not-implemented
14,closer,完遂クローザー,Final Closer,ASIF,closer.m04,責任終結,closer.m04.s02,中止精算,"q02,q06,q10,q14,q26,q30,q34,q38,q40",論理力,管理力,創造力,安定,収束,行動,94,70,55,52,91,40,60,8,92,73,27,10,90,勝ち筋ハンター,9,1 + 0.5 × (1 - typeQuestionFrequency / typeMaxQuestionFrequency),evidence:0.55 / ability:0.30 / axis:0.15,locked-not-implemented
15,team-conductor,ギルド調律師,Guild Harmonizer,ASGE,team-conductor.m01,認識接続,team-conductor.m01.s01,目的翻訳,"q11,q15,q27,q31,q35,q39",営業力,論理力,管理力,組織推進,安定,発散,82,74,92,73,68,33,67,30,70,16,84,65,35,前線指揮官,6,1 + 0.5 × (1 - typeQuestionFrequency / typeMaxQuestionFrequency),evidence:0.55 / ability:0.30 / axis:0.15,locked-not-implemented
15,team-conductor,ギルド調律師,Guild Harmonizer,ASGE,team-conductor.m01,認識接続,team-conductor.m01.s02,前提共有,"q08,q11,q15,q16,q18,q22,q39",論理力,営業力,創造力,組織推進,安定,発散,89,68,87,60,79,38,62,22,78,20,80,58,42,精密スナイパー,7,1 + 0.5 × (1 - typeQuestionFrequency / typeMaxQuestionFrequency),evidence:0.55 / ability:0.30 / axis:0.15,locked-not-implemented
15,team-conductor,ギルド調律師,Guild Harmonizer,ASGE,team-conductor.m01,認識接続,team-conductor.m01.s03,判断基準接続,"q08,q12,q15,q16,q24,q32,q34",論理力,営業力,創造力,組織推進,安定,発散,91,72,88,62,83,35,65,26,74,23,77,56,44,攻城参謀,7,1 + 0.5 × (1 - typeQuestionFrequency / typeMaxQuestionFrequency),evidence:0.55 / ability:0.30 / axis:0.15,locked-not-implemented
15,team-conductor,ギルド調律師,Guild Harmonizer,ASGE,team-conductor.m02,負荷調律,team-conductor.m02.s01,負荷再配分,"q03,q06,q07,q18,q23,q30,q39",管理力,実行力,創造力,組織推進,安定,発散,72,86,80,65,91,22,78,18,82,12,88,60,40,最後の砦,7,1 + 0.5 × (1 - typeQuestionFrequency / typeMaxQuestionFrequency),evidence:0.55 / ability:0.30 / axis:0.15,locked-not-implemented
15,team-conductor,ギルド調律師,Guild Harmonizer,ASGE,team-conductor.m02,負荷調律,team-conductor.m02.s02,役割適合,"q03,q07,q15,q19,q23,q27,q31",営業力,創造力,実行力,組織推進,発散,行動,74,69,88,87,72,30,70,24,76,10,90,78,22,企画軍師,7,1 + 0.5 × (1 - typeQuestionFrequency / typeMaxQuestionFrequency),evidence:0.55 / ability:0.30 / axis:0.15,locked-not-implemented
15,team-conductor,ギルド調律師,Guild Harmonizer,ASGE,team-conductor.m02,負荷調律,team-conductor.m02.s03,支援正式化,"q03,q06,q18,q22,q30,q34,q39",管理力,論理力,創造力,安定,組織推進,発散,85,70,82,59,94,34,66,12,88,14,86,57,43,城塞の守護者,7,1 + 0.5 × (1 - typeQuestionFrequency / typeMaxQuestionFrequency),evidence:0.55 / ability:0.30 / axis:0.15,locked-not-implemented
15,team-conductor,ギルド調律師,Guild Harmonizer,ASGE,team-conductor.m03,対話修復,team-conductor.m03.s01,本音解凍,"q11,q15,q19,q27,q31,q35,q39",営業力,創造力,管理力,組織推進,行動,安定,70,76,95,81,63,26,74,28,72,8,92,73,27,営業モンスター,7,1 + 0.5 × (1 - typeQuestionFrequency / typeMaxQuestionFrequency),evidence:0.55 / ability:0.30 / axis:0.15,locked-not-implemented
15,team-conductor,ギルド調律師,Guild Harmonizer,ASGE,team-conductor.m03,対話修復,team-conductor.m03.s02,対立仲介,"q07,q15,q18,q19,q23,q35,q39",営業力,論理力,創造力,組織推進,安定,発散,84,72,93,68,78,32,68,20,80,6,94,64,36,前線指揮官,7,1 + 0.5 × (1 - typeQuestionFrequency / typeMaxQuestionFrequency),evidence:0.55 / ability:0.30 / axis:0.15,locked-not-implemented
15,team-conductor,ギルド調律師,Guild Harmonizer,ASGE,team-conductor.m04,連携定着,team-conductor.m04.s01,共有リズム,"q03,q07,q11,q15,q22,q30,q39",管理力,実行力,創造力,組織推進,安定,発散,78,88,84,58,92,18,82,14,86,11,89,55,45,完遂クローザー,7,1 + 0.5 × (1 - typeQuestionFrequency / typeMaxQuestionFrequency),evidence:0.55 / ability:0.30 / axis:0.15,locked-not-implemented
15,team-conductor,ギルド調律師,Guild Harmonizer,ASGE,team-conductor.m04,連携定着,team-conductor.m04.s02,自走接続,"q07,q11,q15,q19,q23,q27,q39",創造力,営業力,実行力,組織推進,安定,行動,80,75,86,89,84,29,71,17,83,9,91,80,20,構造ハッカー,7,1 + 0.5 × (1 - typeQuestionFrequency / typeMaxQuestionFrequency),evidence:0.55 / ability:0.30 / axis:0.15,locked-not-implemented
16,last-fortress,最後の砦,The Last Stand,ASGF,last-fortress.m01,緊急選別,last-fortress.m01.s01,最小機能確保,"q08,q25,q29,q30,q32,q34",実行力,管理力,創造力,行動,収束,組織推進,80,95,62,55,88,12,88,16,84,28,72,14,86,攻城参謀,6,1 + 0.5 × (1 - typeQuestionFrequency / typeMaxQuestionFrequency),evidence:0.55 / ability:0.30 / axis:0.15,locked-not-implemented
16,last-fortress,最後の砦,The Last Stand,ASGF,last-fortress.m01,緊急選別,last-fortress.m01.s02,影響遮断,"q08,q16,q25,q26,q29,q34,q40",実行力,論理力,創造力,収束,安定,組織推進,90,92,58,54,86,18,82,10,90,32,68,8,92,精密スナイパー,7,1 + 0.5 × (1 - typeQuestionFrequency / typeMaxQuestionFrequency),evidence:0.55 / ability:0.30 / axis:0.15,locked-not-implemented
16,last-fortress,最後の砦,The Last Stand,ASGF,last-fortress.m01,緊急選別,last-fortress.m01.s03,優先再配置,"q06,q07,q23,q27,q30,q31,q39",管理力,実行力,創造力,安定,組織推進,行動,80,88,78,57,94,20,80,14,86,16,84,18,82,前線指揮官,7,1 + 0.5 × (1 - typeQuestionFrequency / typeMaxQuestionFrequency),evidence:0.55 / ability:0.30 / axis:0.15,locked-not-implemented
16,last-fortress,最後の砦,The Last Stand,ASGF,last-fortress.m02,継続維持,last-fortress.m02.s01,負荷分散,"q03,q06,q07,q18,q23,q30,q39",管理力,実行力,創造力,安定,組織推進,行動,74,84,82,58,96,24,76,8,92,10,90,22,78,ギルド調律師,7,1 + 0.5 × (1 - typeQuestionFrequency / typeMaxQuestionFrequency),evidence:0.55 / ability:0.30 / axis:0.15,locked-not-implemented
16,last-fortress,最後の砦,The Last Stand,ASGF,last-fortress.m02,継続維持,last-fortress.m02.s02,品質下限維持,"q06,q10,q14,q18,q22,q26,q34,q38",管理力,論理力,創造力,安定,収束,行動,92,76,60,55,95,34,66,4,96,22,78,10,90,突撃クリエイター,8,1 + 0.5 × (1 - typeQuestionFrequency / typeMaxQuestionFrequency),evidence:0.55 / ability:0.30 / axis:0.15,locked-not-implemented
16,last-fortress,最後の砦,The Last Stand,ASGF,last-fortress.m02,継続維持,last-fortress.m02.s03,代替運用,"q05,q13,q17,q21,q25,q29,q37",実行力,創造力,営業力,行動,安定,収束,72,94,65,86,83,14,86,18,82,26,74,30,70,構造ハッカー,7,1 + 0.5 × (1 - typeQuestionFrequency / typeMaxQuestionFrequency),evidence:0.55 / ability:0.30 / axis:0.15,locked-not-implemented
16,last-fortress,最後の砦,The Last Stand,ASGF,last-fortress.m03,復旧移行,last-fortress.m03.s01,段階復旧,"q08,q10,q18,q22,q25,q29,q37",管理力,論理力,創造力,安定,収束,行動,88,78,66,58,96,30,70,6,94,18,82,12,88,ギルド調律師,7,1 + 0.5 × (1 - typeQuestionFrequency / typeMaxQuestionFrequency),evidence:0.55 / ability:0.30 / axis:0.15,locked-not-implemented
16,last-fortress,最後の砦,The Last Stand,ASGF,last-fortress.m03,復旧移行,last-fortress.m03.s02,責任返却,"q03,q07,q11,q15,q23,q31,q39",管理力,営業力,創造力,組織推進,安定,行動,76,78,86,59,92,28,72,12,88,8,92,20,80,ギルド調律師,7,1 + 0.5 × (1 - typeQuestionFrequency / typeMaxQuestionFrequency),evidence:0.55 / ability:0.30 / axis:0.15,locked-not-implemented
16,last-fortress,最後の砦,The Last Stand,ASGF,last-fortress.m04,再発耐性,last-fortress.m04.s01,予備設計,"q06,q08,q10,q14,q18,q22,q30,q34,q38",管理力,論理力,営業力,安定,収束,行動,90,70,58,72,94,38,62,4,96,16,84,14,86,構造ハッカー,9,1 + 0.5 × (1 - typeQuestionFrequency / typeMaxQuestionFrequency),evidence:0.55 / ability:0.30 / axis:0.15,locked-not-implemented
16,last-fortress,最後の砦,The Last Stand,ASGF,last-fortress.m04,再発耐性,last-fortress.m04.s02,判断移管,"q03,q07,q11,q15,q19,q23,q31,q39",管理力,論理力,創造力,組織推進,安定,行動,84,76,80,60,91,32,68,10,90,6,94,18,82,企画軍師,8,1 + 0.5 × (1 - typeQuestionFrequency / typeMaxQuestionFrequency),evidence:0.55 / ability:0.30 / axis:0.15,locked-not-implemented
